[
  {
    "question": "Q1: 1 + 6 = ?",
    "options": [
      "6",
      "7",
      "8",
      "9"
    ],
    "answer": "7"
  },
  {
    "question": "Q2: 2 + 7 = ?",
    "options": [
      "8",
      "9",
      "10",
      "11"
    ],
    "answer": "9"
  },
  {
    "question": "Q3: 3 + 8 = ?",
    "options": [
      "10",
      "11",
      "12",
      "13"
    ],
    "answer": "11"
  },
  {
    "question": "Q4: 4 + 9 = ?",
    "options": [
      "12",
      "13",
      "14",
      "15"
    ],
    "answer": "13"
  },
  {
    "question": "Q5: 5 + 10 = ?",
    "options": [
      "14",
      "15",
      "16",
      "17"
    ],
    "answer": "15"
  },
  {
    "question": "Q6: 6 + 11 = ?",
    "options": [
      "16",
      "17",
      "18",
      "19"
    ],
    "answer": "17"
  },
  {
    "question": "Q7: 7 + 12 = ?",
    "options": [
      "18",
      "19",
      "20",
      "21"
    ],
    "answer": "19"
  },
  {
    "question": "Q8: 8 + 13 = ?",
    "options": [
      "20",
      "21",
      "22",
      "23"
    ],
    "answer": "21"
  },
  {
    "question": "Q9: 9 + 14 = ?",
    "options": [
      "22",
      "23",
      "24",
      "25"
    ],
    "answer": "23"
  },
  {
    "question": "Q10: 10 + 15 = ?",
    "options": [
      "24",
      "25",
      "26",
      "27"
    ],
    "answer": "25"
  },
  {
    "question": "Q11: 11 + 16 = ?",
    "options": [
      "26",
      "27",
      "28",
      "29"
    ],
    "answer": "27"
  },
  {
    "question": "Q12: 12 + 17 = ?",
    "options": [
      "28",
      "29",
      "30",
      "31"
    ],
    "answer": "29"
  },
  {
    "question": "Q13: 13 + 18 = ?",
    "options": [
      "30",
      "31",
      "32",
      "33"
    ],
    "answer": "31"
  },
  {
    "question": "Q14: 14 + 19 = ?",
    "options": [
      "32",
      "33",
      "34",
      "35"
    ],
    "answer": "33"
  },
  {
    "question": "Q15: 15 + 20 = ?",
    "options": [
      "34",
      "35",
      "36",
      "37"
    ],
    "answer": "35"
  },
  {
    "question": "Q16: 16 + 21 = ?",
    "options": [
      "36",
      "37",
      "38",
      "39"
    ],
    "answer": "37"
  },
  {
    "question": "Q17: 17 + 22 = ?",
    "options": [
      "38",
      "39",
      "40",
      "41"
    ],
    "answer": "39"
  },
  {
    "question": "Q18: 18 + 23 = ?",
    "options": [
      "40",
      "41",
      "42",
      "43"
    ],
    "answer": "41"
  },
  {
    "question": "Q19: 19 + 24 = ?",
    "options": [
      "42",
      "43",
      "44",
      "45"
    ],
    "answer": "43"
  },
  {
    "question": "Q20: 20 + 25 = ?",
    "options": [
      "44",
      "45",
      "46",
      "47"
    ],
    "answer": "45"
  },
  {
    "question": "Q21: 15 - 10 = ?",
    "options": [
      "4",
      "5",
      "6",
      "7"
    ],
    "answer": "5"
  },
  {
    "question": "Q22: 16 - 11 = ?",
    "options": [
      "4",
      "5",
      "6",
      "7"
    ],
    "answer": "5"
  },
  {
    "question": "Q23: 17 - 12 = ?",
    "options": [
      "4",
      "5",
      "6",
      "7"
    ],
    "answer": "5"
  },
  {
    "question": "Q24: 18 - 13 = ?",
    "options": [
      "4",
      "5",
      "6",
      "7"
    ],
    "answer": "5"
  },
  {
    "question": "Q25: 19 - 14 = ?",
    "options": [
      "4",
      "5",
      "6",
      "7"
    ],
    "answer": "5"
  },
  {
    "question": "Q26: 20 - 15 = ?",
    "options": [
      "4",
      "5",
      "6",
      "7"
    ],
    "answer": "5"
  },
  {
    "question": "Q27: 21 - 16 = ?",
    "options": [
      "4",
      "5",
      "6",
      "7"
    ],
    "answer": "5"
  },
  {
    "question": "Q28: 22 - 17 = ?",
    "options": [
      "4",
      "5",
      "6",
      "7"
    ],
    "answer": "5"
  },
  {
    "question": "Q29: 23 - 18 = ?",
    "options": [
      "4",
      "5",
      "6",
      "7"
    ],
    "answer": "5"
  },
  {
    "question": "Q30: 24 - 19 = ?",
    "options": [
      "4",
      "5",
      "6",
      "7"
    ],
    "answer": "5"
  },
  {
    "question": "Q31: 25 - 20 = ?",
    "options": [
      "4",
      "5",
      "6",
      "7"
    ],
    "answer": "5"
  },
  {
    "question": "Q32: 26 - 21 = ?",
    "options": [
      "4",
      "5",
      "6",
      "7"
    ],
    "answer": "5"
  },
  {
    "question": "Q33: 27 - 22 = ?",
    "options": [
      "4",
      "5",
      "6",
      "7"
    ],
    "answer": "5"
  },
  {
    "question": "Q34: 28 - 23 = ?",
    "options": [
      "4",
      "5",
      "6",
      "7"
    ],
    "answer": "5"
  },
  {
    "question": "Q35: 29 - 24 = ?",
    "options": [
      "4",
      "5",
      "6",
      "7"
    ],
    "answer": "5"
  },
  {
    "question": "Q36: 30 - 25 = ?",
    "options": [
      "4",
      "5",
      "6",
      "7"
    ],
    "answer": "5"
  },
  {
    "question": "Q37: 31 - 26 = ?",
    "options": [
      "4",
      "5",
      "6",
      "7"
    ],
    "answer": "5"
  },
  {
    "question": "Q38: 32 - 27 = ?",
    "options": [
      "4",
      "5",
      "6",
      "7"
    ],
    "answer": "5"
  },
  {
    "question": "Q39: 33 - 28 = ?",
    "options": [
      "4",
      "5",
      "6",
      "7"
    ],
    "answer": "5"
  },
  {
    "question": "Q40: 34 - 29 = ?",
    "options": [
      "4",
      "5",
      "6",
      "7"
    ],
    "answer": "5"
  },
  {
    "question": "Q41: 2 \u00d7 4 = ?",
    "options": [
      "6",
      "8",
      "10",
      "12"
    ],
    "answer": "8"
  },
  {
    "question": "Q42: 3 \u00d7 5 = ?",
    "options": [
      "13",
      "15",
      "17",
      "19"
    ],
    "answer": "15"
  },
  {
    "question": "Q43: 4 \u00d7 6 = ?",
    "options": [
      "22",
      "24",
      "26",
      "28"
    ],
    "answer": "24"
  },
  {
    "question": "Q44: 5 \u00d7 7 = ?",
    "options": [
      "33",
      "35",
      "37",
      "39"
    ],
    "answer": "35"
  },
  {
    "question": "Q45: 6 \u00d7 8 = ?",
    "options": [
      "46",
      "48",
      "50",
      "52"
    ],
    "answer": "48"
  },
  {
    "question": "Q46: 7 \u00d7 9 = ?",
    "options": [
      "61",
      "63",
      "65",
      "67"
    ],
    "answer": "63"
  },
  {
    "question": "Q47: 8 \u00d7 10 = ?",
    "options": [
      "78",
      "80",
      "82",
      "84"
    ],
    "answer": "80"
  },
  {
    "question": "Q48: 9 \u00d7 11 = ?",
    "options": [
      "97",
      "99",
      "101",
      "103"
    ],
    "answer": "99"
  },
  {
    "question": "Q49: 10 \u00d7 12 = ?",
    "options": [
      "118",
      "120",
      "122",
      "124"
    ],
    "answer": "120"
  },
  {
    "question": "Q50: 11 \u00d7 13 = ?",
    "options": [
      "141",
      "143",
      "145",
      "147"
    ],
    "answer": "143"
  },
  {
    "question": "Q51: 4 \u00f7 2 = ?",
    "options": [
      "1",
      "2",
      "3",
      "4"
    ],
    "answer": "2"
  },
  {
    "question": "Q52: 6 \u00f7 2 = ?",
    "options": [
      "2",
      "3",
      "4",
      "5"
    ],
    "answer": "3"
  },
  {
    "question": "Q53: 8 \u00f7 2 = ?",
    "options": [
      "3",
      "4",
      "5",
      "6"
    ],
    "answer": "4"
  },
  {
    "question": "Q54: 10 \u00f7 2 = ?",
    "options": [
      "4",
      "5",
      "6",
      "7"
    ],
    "answer": "5"
  },
  {
    "question": "Q55: 12 \u00f7 2 = ?",
    "options": [
      "5",
      "6",
      "7",
      "8"
    ],
    "answer": "6"
  },
  {
    "question": "Q56: 14 \u00f7 2 = ?",
    "options": [
      "6",
      "7",
      "8",
      "9"
    ],
    "answer": "7"
  },
  {
    "question": "Q57: 16 \u00f7 2 = ?",
    "options": [
      "7",
      "8",
      "9",
      "10"
    ],
    "answer": "8"
  },
  {
    "question": "Q58: 18 \u00f7 2 = ?",
    "options": [
      "8",
      "9",
      "10",
      "11"
    ],
    "answer": "9"
  },
  {
    "question": "Q59: 20 \u00f7 2 = ?",
    "options": [
      "9",
      "10",
      "11",
      "12"
    ],
    "answer": "10"
  },
  {
    "question": "Q60: 22 \u00f7 2 = ?",
    "options": [
      "10",
      "11",
      "12",
      "13"
    ],
    "answer": "11"
  },
  {
    "question": "Q61: 2^3 = ?",
    "options": [
      "8",
      "9",
      "7",
      "10"
    ],
    "answer": "8"
  },
  {
    "question": "Q62: 4^3 = ?",
    "options": [
      "64",
      "65",
      "63",
      "66"
    ],
    "answer": "64"
  },
  {
    "question": "Q63: 6^3 = ?",
    "options": [
      "216",
      "217",
      "215",
      "218"
    ],
    "answer": "216"
  },
  {
    "question": "Q64: 8^3 = ?",
    "options": [
      "512",
      "513",
      "511",
      "514"
    ],
    "answer": "512"
  },
  {
    "question": "Q65: 10^3 = ?",
    "options": [
      "1000",
      "1001",
      "999",
      "1002"
    ],
    "answer": "1000"
  },
  {
    "question": "Q66: \u221a4 = ?",
    "options": [
      "2",
      "3",
      "1",
      "4"
    ],
    "answer": "2"
  },
  {
    "question": "Q67: \u221a9 = ?",
    "options": [
      "3",
      "4",
      "2",
      "5"
    ],
    "answer": "3"
  },
  {
    "question": "Q68: \u221a16 = ?",
    "options": [
      "4",
      "5",
      "3",
      "6"
    ],
    "answer": "4"
  },
  {
    "question": "Q69: \u221a25 = ?",
    "options": [
      "5",
      "6",
      "4",
      "7"
    ],
    "answer": "5"
  },
  {
    "question": "Q70: \u221a36 = ?",
    "options": [
      "6",
      "7",
      "5",
      "8"
    ],
    "answer": "6"
  },
  {
    "question": "Q71: \u221a49 = ?",
    "options": [
      "7",
      "8",
      "6",
      "9"
    ],
    "answer": "7"
  },
  {
    "question": "Q72: \u221a64 = ?",
    "options": [
      "8",
      "9",
      "7",
      "10"
    ],
    "answer": "8"
  },
  {
    "question": "Q73: \u221a81 = ?",
    "options": [
      "9",
      "10",
      "8",
      "11"
    ],
    "answer": "9"
  },
  {
    "question": "Q74: \u221a100 = ?",
    "options": [
      "10",
      "11",
      "9",
      "12"
    ],
    "answer": "10"
  },
  {
    "question": "Q75: Approximate value of \u03c0 = ?",
    "options": [
      "3.14",
      "3.15",
      "3.10",
      "3.00"
    ],
    "answer": "3.14"
  },
  {
    "question": "Q76: Circumference of a circle with radius 7? (\u03c0=22/7)",
    "options": [
      "44",
      "42",
      "40",
      "50"
    ],
    "answer": "44"
  },
  {
    "question": "Q77: 6\u00b2 = ?",
    "options": [
      "36",
      "37",
      "35",
      "38"
    ],
    "answer": "36"
  },
  {
    "question": "Q78: 7\u00b2 = ?",
    "options": [
      "49",
      "50",
      "48",
      "51"
    ],
    "answer": "49"
  },
  {
    "question": "Q79: 8\u00b2 = ?",
    "options": [
      "64",
      "65",
      "63",
      "66"
    ],
    "answer": "64"
  },
  {
    "question": "Q80: 9\u00b2 = ?",
    "options": [
      "81",
      "82",
      "80",
      "83"
    ],
    "answer": "81"
  },
  {
    "question": "Q81: 10\u00b2 = ?",
    "options": [
      "100",
      "101",
      "99",
      "102"
    ],
    "answer": "100"
  },
  {
    "question": "Q82: 11\u00b2 = ?",
    "options": [
      "121",
      "122",
      "120",
      "123"
    ],
    "answer": "121"
  },
  {
    "question": "Q83: 3\u00b3 = ?",
    "options": [
      "27",
      "28",
      "26",
      "29"
    ],
    "answer": "27"
  },
  {
    "question": "Q84: 4\u00b3 = ?",
    "options": [
      "64",
      "65",
      "63",
      "66"
    ],
    "answer": "64"
  },
  {
    "question": "Q85: 5\u00b3 = ?",
    "options": [
      "125",
      "126",
      "124",
      "127"
    ],
    "answer": "125"
  },
  {
    "question": "Q86: 6\u00b3 = ?",
    "options": [
      "216",
      "217",
      "215",
      "218"
    ],
    "answer": "216"
  },
  {
    "question": "Q87: 7\u00b3 = ?",
    "options": [
      "343",
      "344",
      "342",
      "345"
    ],
    "answer": "343"
  },
  {
    "question": "Q88: 8\u00b3 = ?",
    "options": [
      "512",
      "513",
      "511",
      "514"
    ],
    "answer": "512"
  },
  {
    "question": "Q89: Area of square with side 5?",
    "options": [
      "25",
      "20",
      "15",
      "30"
    ],
    "answer": "25"
  },
  {
    "question": "Q90: Area of rectangle with length 10 and breadth 4?",
    "options": [
      "40",
      "30",
      "20",
      "50"
    ],
    "answer": "40"
  },
  {
    "question": "Q91: Area of triangle base 6 and height 8?",
    "options": [
      "24",
      "26",
      "30",
      "36"
    ],
    "answer": "24"
  },
  {
    "question": "Q92: Volume of cube side 3?",
    "options": [
      "27",
      "18",
      "36",
      "30"
    ],
    "answer": "27"
  },
  {
    "question": "Q93: Perimeter of square with side 9?",
    "options": [
      "36",
      "30",
      "25",
      "40"
    ],
    "answer": "36"
  },
  {
    "question": "Q94: Volume of cuboid 4\u00d73\u00d72?",
    "options": [
      "24",
      "30",
      "28",
      "32"
    ],
    "answer": "24"
  },
  {
    "question": "Q95: Solve: (12 + 8) \u00f7 5 = ?",
    "options": [
      "4",
      "5",
      "6",
      "3"
    ],
    "answer": "4"
  },
  {
    "question": "Q96: If 2x = 10, x = ?",
    "options": [
      "2",
      "3",
      "5",
      "10"
    ],
    "answer": "5"
  },
  {
    "question": "Q97: 15% of 200 = ?",
    "options": [
      "25",
      "30",
      "35",
      "40"
    ],
    "answer": "30"
  },
  {
    "question": "Q98: 2/5 of 100 = ?",
    "options": [
      "20",
      "30",
      "40",
      "50"
    ],
    "answer": "40"
  }
]